{
  "sessions": {
    "session-202603032109": {
      "last_retrieve_ts": 1772593759.7275689
    },
    "session-202603032110": {
      "last_retrieve_ts": 1772593810.728486
    },
    "session-202603041912": {
      "last_retrieve_ts": 1772673164.8879042
    },
    "session-202603041915": {
      "last_retrieve_ts": 1772673355.8516188
    }
  }
}